city,year,house_price_per_m2,green_area,co_emission,night_stays,cars,bike_roads,buildings_introduced,shops,marriages_increase,students,population,birth_rate,balance_of_migration,newly_entities_increase,commune_profit_pc,mean_gross_salary,unemployment_rate,cpi,pkb_pc
Kraków,2010,6530,9.88,17.1364716129543,139.901720906907,466.571647266873,1.06,6.2,0.124053105286774,3.84432655000396,270.190302742365,757740,1.01,0.5,7.73352337213292,26.8400000000002,3543.43,3.8,102.6,32955
Kraków,2011,6543,9.43,19.2877701916782,69.8316245947701,485.609316895369,1.42,6.4,0.138314955008121,2.47649633728826,254.66944701681,759137,0.56,1.3,0.933955267626265,22.6700000000001,3722.48,3.9,104.3,36088
Kraków,2012,6330,9.43,20.308768959324,34.9621670662268,503.193843346072,1.78,9,0.154285578650041,2.35120672421387,239.89956931906,758334,0.01,1,6.92966423765781,-55.9200000000001,3877.57,4.9,103.6,37171
Kraków,2013,6196,9.65,19.0729941817569,34.1123490102662,521.226837700529,1.91,9.2,0.18313763517929,2.71676117798343,224.665082108902,758992,0.26,1.3,4.75499082994287,126.31,3997.8,5.1,100.8,37860
Kraków,2014,6339,9.64,18.365436234123,35.87212041902,534.111328265997,2.02,9.7,0.192945543417341,2.76424023426477,217.696387718163,761873,0.64,2,2.94012256635949,-34.4700000000003,4152.52,4.6,99.9,39568
Kraków,2015,6495,9.75,18.8296593344362,36.2398153124093,557.145278548988,2.18,8.5,0.212858492462576,2.92089153545868,211.292274419271,761069,0.54,0,5.01137216205101,-102.23,4431.17,4.2,99.2,42214
Kraków,2016,6424,9.96,17.7455966131814,39.3247269116187,585.381278419485,2.42,12.3,0.215596090524225,3.43908430460461,201.656823289604,765320,2.18,2.4,5.53493963309465,-23.25,4635.26,3.5,99.6,43967
Kraków,2017,6497,10.09,20.2770320636791,40.4275504725366,610.748969176958,2.87,14.4,0.21893586742912,4.05161673712579,187.154980530346,767348,1.97,2.6,5.7223059159599,-70.9099999999999,4966.2,2.8,102.1,47326
Kraków,2018,6699,10.48,19.2066209379446,41.3205562666895,639.399327427247,2.77,12.5,0.216582432959956,4.06059639280013,175.041403557918,771069,2.05,6.1,2.63270861621982,-345.44,5368.39,2.5,102.2,50861
Kraków,2019,7253,10.87,15.3622507588739,43.1271378422954,659.803751692626,3.03,16.8,0.216912779243116,4.31515244861157,166.710947677814,779115,1.97,9,8.04117492282911,-387,5878.79,2.1,102.9,54678
Kraków,2020,8277,11.41,9.38085762712734,36.0951631224951,681.06686701728,3.24,13,0.206419254172618,3.36168499652549,167.222673808858,779966,-0.08,3.2,7.64776926173705,-600.36,6482.24,3.4,104.3,55448
Warszawa,2010,8421,8.96,7.64682562090027,14.9296046378121,678.252962157787,4.05,7.3,0.117051111926744,3.27625474086413,173.606797669801,1700112,1.19,2.3,10.8816360333907,-974.770000000001,4694.47,3.77,102.4,59672
Warszawa,2011,8245,9.48,6.97532500902844,14.7492728963746,700.073924884591,1.71,5.5,0.147498582082083,2.72228533834829,164.971896252307,1708491,0.75,4.2,1.10155687094635,-587.31,4936.36,3.78,103.7,64345
Warszawa,2012,8022,9.38,7.05727777690341,15.3854494009678,714.828824197021,1.86,7.9,0.152140724924323,2.44882446516123,156.54464514196,1715517,0.2,3.9,9.38784051688208,-392.48,5077.53,3.62,103.5,67104
Warszawa,2013,7421,8.93,6.95199616795136,15.4551949543147,732.081925117316,2.09,7.6,0.169913778905639,1.99779170078474,148.026216594255,1724404,-0.17,4.8,10.6152618527909,43.5099999999993,5226.05,4.14,100.8,68438
Warszawa,2014,7685,9.17,6.42538903633772,16.5732994822068,755.646688278836,2.38,8.7,0.17632395666349,2.04674083028992,142.62360827962,1735442,0.9,5.2,8.12012155981012,190.02,5385.8,4.42,100,71125
Warszawa,2015,7665,9.14,6.08874590033772,17.783691470352,788.022594076536,2.62,7.6,0.189755387533816,2.24668085723573,139.45817097591,1744351,0.75,0,11.2465897058562,815.93,5591.46,4.29,99.1,74568
Warszawa,2016,7783,9.33,6.33330425655525,19.0435792487587,824.408187792656,2.83,11.5,0.188143858214788,3.19730532384404,136.570776013597,1753977,1.41,4.4,11.2236363418677,533.14,5739.61,4.37,99.5,77190
Warszawa,2017,8210,9.64,6.5138287955163,19.7487837290287,861.148749160582,3.05,11.6,0.190976501956517,3.10719335379105,130.491920333897,1764615,1.25,4.5,9.89734304650023,116.629999999999,6059.04,4.15,101.9,82943
Warszawa,2018,8769,10.16,6.34063416071794,17.8681104089378,898.649697520546,3.32,13.2,0.198540809416571,3.13278274348527,123.488446387232,1777972,0.91,6.2,2.5495339634145,216.059999999999,6432.78,3.53,101.6,88626
Warszawa,2019,9074,10.16,6.08993453803015,20.9883741060549,929.218198003192,3.6,12.1,0.19825114566824,3.22004536879739,122.322632239099,1790658,1.28,5.7,13.3342045214664,-339.6,6802.6,2.95,102.2,96725
Warszawa,2020,9901,10.09,5.83828363707706,21.9583918098994,946.876153042695,3.77,13.1,0.198978243930606,2.22053031882223,125.517928664349,1794166,-0.84,2.5,11.7870921642702,-930.24,7147.46,3.19,103.3,98237
Wrocław,2010,5531,10.01,6.7913130201636,16.705486521926,497.963344966077,3.05,7.4,0.137943937681051,3.35029356689726,240.261871502844,630691,0.25,1.1,7.90561463537612,-182.28,3675.85,3.08,102.9,42300
Wrocław,2011,5599,9.93,5.83847536971176,16.190483734267,524.831481144106,3.14,6,0.153667017830127,2.89115780969053,226.471916164345,631235,-0.11,1,3.09076651326368,-204.7,3827.68,3.34,104.6,46220
Wrocław,2012,5269,10.04,5.86890118316571,15.6910460908636,540.523584098557,3.23,10.6,0.177443170655969,2.86443975487493,212.90487144876,631188,-0.57,1.4,7.89622109419064,-160.12,3923.93,3.01,103.7,47771
Wrocław,2013,5484,10.03,6.78937517699864,15.1692779404715,558.244616472621,3.33,12.4,0.197763844655709,1.83366636764773,199.043772258321,632067,-0.65,2.2,7.42168156223945,212.61,4129.56,3.58,100.9,47847
Wrocław,2014,5283,10.21,6.25317776408343,16.3833143941483,575.35930602203,3.39,9.4,0.211194240386328,2.41139692381404,192.511430494242,634487,0.13,3,5.54936507761388,-306.09,4337.99,3.97,100,49717
Wrocław,2015,5265,10.41,6.19939316627842,17.3131642650753,600.590789906238,3.61,10.5,0.218636307154126,2.11558153325395,188.761779227663,635759,-0.69,0,6.74154829109773,-431.52,4569.88,3.85,99.2,52222
Wrocław,2016,5434,10.67,6.84870068670484,17.3801089255947,632.074243785706,3.8,13.3,0.210135757108156,3.15674088849789,187.596344892368,637683,1.01,3.2,7.12893396875877,134.23,4800.54,3.89,99.3,53754
Wrocław,2017,5550,12.23,6.65977644358004,19.6574932742027,659.167285220785,3.91,13.9,0.22863012969279,2.83282126448121,179.81133316421,638586,0.45,2.2,7.77248483367941,-11484.76,5070.35,3.67,101.9,57234
Wrocław,2018,5857,12.74,6.82427791860741,18.5905520660331,689.934254067757,4.06,14.8,0.234137935340468,3.53548282364106,173.076322723243,640648,0.75,2.3,7.15993806271151,-171.62,5338.47,3.75,101.2,60562
Wrocław,2019,6292,10.96,6.35631831679549,21.7789316330388,715.369694292305,4.85,17.8,0.247328771491548,3.54193467098274,168.839996951167,642869,0.87,3.2,3.74259763653248,-81.8299999999999,5757.54,3.53,102.1,65392
Wrocław,2020,7144,11.38,6.27104597400332,20.5739584501689,742.242120611657,5.61,17.1,0.241460101444399,2.68721725801024,168.078039904787,641928,-0.97,2,9.6038808090627,-398.81,6140.64,3.19,103.1,67148
Łódź,2010,4332,12.43,12.0373155879901,6.90360276636834,408.028380869739,0.94,2.8,0.13960497267438,2.89885619729741,147.400952324902,730633,-4.94,-2.3,4.92175962487323,-266.92,3243.15,3,102.8,34827
Łódź,2011,4041,12.16,10.1915027135872,7.99111791519264,433.649861045024,1,2.1,0.142058188689134,2.62049085931412,137.397852576701,725055,-5.65,-2,-1.04819634372565,-408.41,3427.06,3.58,104.4,37628
Łódź,2012,3944,12.86,9.64006342494715,9.10203627461889,447.787081339713,1.06,3.6,0.158562367864693,2.32558139534884,127.331144987204,718960,-5.84,-2.3,4.02664960498498,-404.95,3568.84,3.91,103.8,39313
Łódź,2013,3952,12.78,11.4275050187536,10.2540023505199,466.193001298972,1.24,2,0.175726664904714,1.61949694376184,117.344643570091,711332,-6.48,-2.2,2.38847682938487,-325.03,3710.91,4.43,100.8,39994
Łódź,2014,3778,12.79,8.03995444785015,10.2393187574008,483.240888153608,1.64,2.5,0.196882737208288,2.58355476739509,114.271307244718,706004,-5.47,-2,1.38667769587708,-622.89,3837.47,4.94,99.5,41751
Łódź,2015,3738,12.8,9.41637588411685,9.94890025706794,501.967240242974,1.78,3.2,0.215412093320513,2.67339246942147,108.922911001994,700982,-6.28,0,1.39090590057947,-221.910000000001,4047.78,5.07,98.8,43854
Łódź,2016,3800,13.07,8.79463548613574,9.70993664061749,525.383235965961,2.15,3,0.213925855308592,2.60156811959173,106.189061640797,696503,-5.04,-1.2,1.13280201233878,97.4099999999999,4230.12,4.97,99.4,45314
Łódź,2017,4107,13.79,10.1469391183943,10.3023947672583,550.774743562633,2.25,3.6,0.220155209422643,2199.01451575993,104.311565969798,690422,-5.45,-1.8,1.44404436706826,-65.0900000000002,4462.5,4.63,102.1,48189
Łódź,2018,4457,13.54,9.81908257148486,12.0168980789015,578.37104270486,2.31,4.1,0.22764251369868,3.08484790999365,95.6755218631664,685285,-5.56,-1.7,-0.849281685721999,78.8999999999996,4779.47,4.56,101.5,51397
Łódź,2019,4931,13.55,9.86598837252056,11.6171844321787,605.355464665317,2.44,6.2,0.230902387118882,1.97517137516343,94.7773409751728,679941,-5.61,-1.6,2.7781822246342,-269.19,5174.84,4.68,102.6,56209
Łódź,2020,5514,13.59,9.94196538155419,10.053779837396,624.479867893512,2.63,8.5,0.223152852265373,2.2092132374272,97.1830671615701,672185,-7.75,-2,3.50796283761167,-332.33,5510.99,4.54,103.6,58840
Poznań,2010,5727,14.28,11.6029473699367,14.5550688067615,513.685760258021,1.61,5.7,0.206978225890636,3.89119064674396,256.296637593725,555614,0.74,-5.4,7.0336600589618,-905.74,3814.08,1.41,102.8,39430
Poznań,2011,5762,14.43,11.0135052134893,14.5890990021027,538.188899567168,1.9,4.5,0.214970626702604,3.123396752679,244.428828464279,553564,0.8,-4.5,3.60933875757817,-1065.35,3987.13,2.04,104.7,42640
Poznań,2012,5402,14.41,11.4053404316359,14.6438804376641,554.312182473826,2.19,4.9,0.221519332101056,3.01593123458897,232.798660715907,550742,0.22,-4.2,6.64739569526203,-181.910000000001,4119.68,2.1,104,44524
Poznań,2013,5429,14.23,11.2536220777041,14.69632938463,578.127394950623,2.35,4.7,0.259110848350814,2.34842015371477,221.005131124687,548028,-0.18,-4.7,5.84824133073493,-52.9700000000003,4256.82,2.96,101.1,45813
Poznań,2014,5558,16.83,10.4291526169183,16.5225040316669,600.623075795338,2.45,6.7,0.269388652690221,2.52162439524996,214.354566779065,545680,0.19,-3.4,4.9076381762205,463.12,4354.4,3.57,100.2,47679
Poznań,2015,5554,16.56,10.9507917425712,16.3308429274193,625.030423270668,2.51,6.7,0.274731353300833,2.6643409766423,214.714537529409,542348,-0.27,0,4.57270977306084,395.57,4549.11,3.1,98.9,50822
Poznań,2016,5591,17,10.6506443709149,16.784733479899,660.263670212372,2.91,5.4,0.279437128496665,3.71780921291259,207.268326264129,540372,1,-3.3,4.3062927020645,57.3299999999999,4770.94,3.23,99.4,52880
Poznań,2017,5812,17.09,11.2139991422731,17.4125981883769,689.913169078018,3.25,7.5,0.293335165130989,4.20694610244823,204.863051465469,538633,1.46,-3.5,4.77319436425173,299.469999999999,5062.37,3.36,102.3,56498
Poznań,2018,6147,16.92,13.0453099892252,17.5416357528736,725.075404799809,4.52,7.5,0.300127880575202,3.99859816045843,194.035471014358,536438,0.7,-3.5,-0.370965516984255,271.8,5355.57,3.09,101.8,59643
Poznań,2019,6397,16.99,11.7718716635534,19.2796360597069,757.748970200799,4.65,9.4,0.314128489771191,3.84807399969709,191.027518029666,534813,0.55,-3.2,8.3823691645491,-69.9200000000001,5713.03,2.56,102.6,64763
Poznań,2020,6832,17,12.2571083811987,14.9159474333143,780.722791928548,5.19,9.2,0.315760983971371,3.42638258202268,196.841262442486,532048,-1.49,-3.2,7.47488948365561,-33.5500000000011,6104.97,2.37,103.5,66208
Gdańsk,2010,5455,7.99,24.7289412367619,31.2675756608449,475.367473817016,1.24,7.7,0.184578368718092,3.244236268998,186.041966606516,460509,1.06,-0.2,6.7251671519992,-296.53,4108.37,1.41,102.6,36063
Gdańsk,2011,5752,8.03,27.5800893343785,30.2008394912674,496.548444465677,1.95,9.6,0.195432524749358,2.66005380908848,180.864115765542,460517,0.2,-0.2,0.786073043991861,-1003.38,4327.35,2.2,104.1,39023
Gdańsk,2012,5817,8.03,27.0014573428578,29.1403414656395,508.580078926735,2.66,11.1,0.204158313912955,3.0602028117378,175.723838958184,460427,-0.22,0,5.16911475651949,-79.9899999999998,4411.71,2.73,103.4,41185
Gdańsk,2013,5487,8.08,24.0347668953981,28.0067861097088,523.492463128154,3.2,8.4,0.221003572891095,2.31403741027147,170.140250600718,461531,-0.5,2.4,4.71907629173338,317.219999999999,4562.66,3.64,100.9,41227
Gdańsk,2014,5488,8.15,24.3768323838705,28.9844394990997,542.905681392189,3.46,8.5,0.238358877459701,2.91014520389435,165.897778711952,461489,0.08,1.9,2.81696855179647,230.36,4814.14,4.23,99.9,42346
Gdańsk,2015,5492,8.34,25.208945827898,29.8064463092403,552.031480868536,3.61,9.8,0.253110336636748,2.32125975394214,163.156653665016,462249,0.11,0,4.78097302536079,394.610000000001,4992.14,4.06,99.2,45036
Gdańsk,2016,5838,8.59,25.8532972222342,33.6687122914304,572.087787922045,3.74,11,0.252288929044278,3.29485028700561,157.980308525641,463754,1.44,2.7,4.28891179375272,245.17,5118.59,3.66,99.7,46978
Gdańsk,2017,6554,8.59,24.84250001077,37.296393784437,593.248523437601,3.76,13.9,0.264941174443301,3.51747103956024,145.982587118259,464254,1.41,1.7,4.4393801668914,111.79,5312.48,3.75,102.1,50019
Gdańsk,2018,6878,8.72,26.0098021777379,38.5250872745274,618.012948132464,3.91,14.7,0.276449700084221,4.09102695706029,139.317790716862,466631,0.5,4.2,-1.23438005619001,-61.5900000000002,5642,3.63,101.9,53669
Gdańsk,2019,7564,8.73,25.6105982709962,40.8806834470501,639.708052757763,4.16,15.5,0.276063001824139,4.44036720626366,136.069330037566,470907,0.99,6.7,5.935354539219,-262.46,6154.35,3.89,101.9,58202
Gdańsk,2020,8403,8.74,26.2041184779261,38.731534287019,662.233833540425,4.31,13.9,0.276122810930215,3.15417210947207,140.419069466127,470805,-0.77,2.3,6.87970603540744,-13.6499999999996,6490.53,3.45,103.4,57669
Bydgoszcz,2010,3615,10.86,18.8473368949328,4.9500196189802,462.069514299904,1.61,2.7,0.222256978457537,3.28720815052011,130.761188992517,364443,-0.56,-3.5,3.22135423097714,-327.31,3184.45,2.11,102.6,31127
Bydgoszcz,2011,3923,10.8,17.0963858740565,6.03548013883533,473.114428957082,1.76,2.4,0.23690154812407,2.53705030025894,120.960277670652,363020,-0.85,-3.1,-1.64729216021156,-288.96,3363.68,2.66,104.6,33185
Bydgoszcz,2012,3808,10.8,16.8735017466935,7.13625316259474,486.126105178074,1.91,2.8,0.224218970585793,2.91484661761531,111.187696191599,361254,-1.59,-3,2.0594927668621,-376.36,3468.51,2.97,103.7,34238
Bydgoszcz,2013,3743,11.53,14.1691242752373,8.24921820225469,499.574323647573,2.13,2.9,0.244833457604861,2.21741211035312,101.336011662976,359428,-1.69,-2.7,0.62599463592152,-206.74,3589.06,3.27,101.1,35109
Bydgoszcz,2014,3734,11.53,13.0984588370819,8.15317683110957,510.663997405299,2.16,3.4,0.22368112019505,2.49963651817968,96.7868207083981,357652,-1.18,-3.1,-1.59093196738729,-148.160000000001,3677.79,3.73,99.8,36232
Bydgoszcz,2015,3830,10.65,13.4836986320629,8.44943693852015,529.019106131114,2.3,2.6,0.255873131915253,2.65995585485526,92.6401327166135,355645,-1.73,0,0.885714687398951,37.6399999999994,3850.09,3.33,99.1,38240
Bydgoszcz,2016,3995,10.86,13.2915086823116,9.21065271318706,549.254389186807,2.36,2.4,0.259932530556199,2.95814521187327,89.2755228316824,353938,-1.3,-2.3,0.726115873401556,199.97,3950.95,3.51,99.5,39585
Bydgoszcz,2017,4171,10.95,13.3190373332804,9.65902478761783,569.249502572996,2.41,4.1,0.269646592660504,3.04558730447074,81.7823923613378,352313,-1.26,-2.5,0.76352561500711,180.690000000001,4185.1,3.8,102,41888
Bydgoszcz,2018,4579,10.8,13.0373981232402,10.1976708988,595.956913341215,2.87,3.2,0.277001981849231,3.45252985624454,77.2692744832628,350178,-2.5,-3,-1.57919686559407,62.4300000000003,4481.39,3.92,101.6,44854
Bydgoszcz,2019,4962,10.8,12.879835721876,10.7900858726557,619.144719836871,3.12,3.8,0.290071512679859,2.8777391653982,81.4526551595393,348190,-2.76,-2.8,3.73072173238749,-207.48,4957.38,3.54,102.3,47558
Bydgoszcz,2020,5622,8.01,15.2064134197058,8.41928443347835,642.832855262126,3.35,4.8,0.290620795080371,1.74663097843303,67.8686742751191,344091,-5.35,-4.9,3.87106899047054,-122.29,5252.17,3.27,103.6,49439
Lublin,2010,4565,8.02,16.1544052214271,7.03896899133864,387.214828761342,1.54,5,0.211741343641894,3.95727403049648,250.92207632417,349483,0.92,-3.8,5.60256149798417,-397.2,3489.07,3.8,101.8,25993
Lublin,2011,4772,8.76,15.5168733701125,6.85664449015541,409.731844953768,1.71,4.3,0.218035557009126,3.12135113192012,236.491119354385,348567,0.6,-3.2,-0.668451115567452,-306.5,3606.97,4.29,104,28313
Lublin,2012,4658,8.76,16.5491345440321,6.67284096203959,425.045588159159,1.88,6.3,0.227221739655658,2.74104199863092,221.966877398052,347678,0.7,-2.7,3.78798773577851,-293.43,3710.8,4.27,103.8,29589
Lublin,2013,4509,9.38,13.0260362400247,6.54835010681087,446.891425444851,2.31,6.9,0.253202870796687,1.35623606656616,209.294000547151,343598,0.1,-2.5,3.46625998987189,-212.26,3820.91,4.65,100.7,30335
Lublin,2014,4667,9.39,11.8486371963175,7.51488051691141,463.420558231545,3.21,3.9,0.286782823464688,2.35278969454703,203.844060376563,341722,0.44,-2.7,0.711104347978766,-588.93,3955.65,5.13,100,31186
Lublin,2015,4748,9.46,13.5995386335688,8.43490536411849,483.137526524167,3.82,5.4,0.302294799062006,2.59445245020207,197.562858241349,340727,0.59,0,1.73159156744256,-310.849999999999,4060.17,4.7,98.8,32230
Lublin,2016,4961,9.27,15.9493165249981,9.52811734505061,505.565900853536,4.08,6.7,0.284903632080736,2.91071648857742,188.946913935606,340466,0.43,-0.7,1.85921648564027,-38.1699999999992,4169.46,4.95,99.1,33542
Lublin,2017,5041,9.36,15.8575253788436,10.4546123289687,530.819479181992,4.27,8,0.306017360600265,3.21318228630278,185.308224216566,339850,0.13,-0.8,2.99838163895836,-188.910000000001,4431.61,4.87,102.2,35882
Lublin,2018,5257,9.4,14.6721345258212,12.2555802191461,557.22999746822,4.12,8.5,0.323832290200835,2.96748135020401,179.544397406987,339682,0.17,-0.5,0.247290112517001,-253.469999999999,4708.4,4.72,101.4,37458
Lublin,2019,5650,9.38,15.7335542579992,13.5762719845549,577.858286440798,4.86,6.9,0.323735078755916,2.79000776964189,177.50982977421,339784,0.11,0.6,2.99896404774798,-209.089999999999,5054.93,4.38,102.3,40771
Lublin,2020,6329,9.62,18.1595222484096,13.9019333345147,599.313025346589,5.34,8.6,0.333740910728737,2.48681280383713,178.282622435659,338586,-2.47,-0.5,5.93645336782974,-261.610000000001,5412.39,4.58,102.8,41315
Białystok,2010,4399,8.78,27.4947221702844,6.09542588091312,326.933079498904,1.95,5.5,0.190375822270572,3.38936955006714,163.366252485934,294155,2.38,-0.64,4.63701109959035,-518.72,3241.41,3.57,102.3,27596
Białystok,2011,4487,8.87,30.0245669355551,6.58176406227701,345.493343481777,2.25,5.8,0.190283318269237,2.52465188346506,149.090377780345,294298,1.89,-1.41,0.74074577469096,-670.61,3360.36,3.87,104.5,29798
Białystok,2012,4358,9.4,25.2325877099291,7.056126894999,354.735674977367,2.55,7.6,0.210225789279163,2.86517406356278,134.608929170863,294921,1.84,0.25,4.05532328996579,-182.1,3493.98,4.12,103.7,30329
Białystok,2013,4333,9.81,28.0476967779953,7.53516976991486,365.237298582372,3.11,5.3,0.247221300316308,2.21483192338172,120.295175459391,295282,1.13,-0.95,2.55349123888351,-220.35,3627.02,4.45,100.6,31339
Białystok,2014,4304,10.41,30.1715297215519,7.74388324606798,377.311234384466,3.59,5.9,0.247073197973323,2.75165082126454,110.22849193966,295459,1.64,0.12,2.74826625690874,780.940000000001,3706.73,4.85,99.7,32461
Białystok,2015,4377,10.02,30.5058094945284,7.80793361736057,393.64013230579,3.72,7.1,0.263530429318098,2.685983221896,102.506579814245,295981,1.82,0,2.45961734030225,-186.6,3844.68,4.59,98.7,33512
Białystok,2016,4367,10.32,28.7424315978262,7.92912334641369,412.708847445285,3.78,6.1,0.262955621182087,3.45213533449304,97.9577113421525,296628,2.53,-0.17,1.8440605741872,148.25,3967.71,4.75,99,34558
Białystok,2017,4496,10.2,23.4636446812519,7.92833884986949,430.454643308845,3.96,6.8,0.262371841446678,2.80872420010226,88.7287747907753,297288,3.43,-0.08,2.27052555098087,-373.570000000001,4164.59,4.58,102.1,37322
Białystok,2018,4728,10.03,22.3910858303161,8.49528842630413,452.509421466488,4.32,6.5,0.258859204125611,3.08277779458682,83.3761963833671,297459,2.67,-1.11,2.16500425268693,-408.780000000001,4396.32,4.31,101.4,39622
Białystok,2019,5224,10.11,26.1384824267192,9.39661372389549,474.02152214388,5.01,8.2,0.265498027248835,1.82151811099834,81.1382135679574,297554,2.49,-1.45,1.07543504708389,-422.88,4744.13,4.2,102.4,43128
Białystok,2020,5764,10.11,28.1078469009086,9.29087615083615,491.281595377124,5.35,9.5,0.266030886522673,2.23600643862095,81.4121862350905,296958,0.31,-1.87,5.23979822062379,-114.96,5126.79,4.23,103,44522
Katowice,2010,3496,7.46,18.1619094409176,10.0250143696154,491.113316057684,1.5,3.6,0.141287838649288,4.00743687805254,234.194225822921,311421,2.06,3.45,6.37079708818609,-273.42,4563.66,3.76660533490034,102.4,40162
Katowice,2011,3474,7.19,21.8151721283915,10.7628740656442,516.25585184802,1.63,2.1,0.177818586245247,3.59516850735846,219.900162946486,309304,3.08,3.74,-0.779168714274629,-141.74,5013.92,6.71507642966143,103.7,43571
Katowice,2012,3356,7.19,23.2735741277792,11.509180328936,539.704393733746,1.76,1.2,0.188781804037978,3.12791920138787,205.378328499868,307233,2.94,3.22,4.95064006796145,-520.77,4966.8,10.2755888853085,103.3,44605
Katowice,2013,3169,7.24,23.7548708445864,12.2978558427136,571.066690322708,1.84,1.7,0.210275921435659,2.49702656704845,191.160525952649,304362,3.19,4.27,3.61083183840295,-399.37,5270.37,14.0622022460097,100.8,44454
Katowice,2014,3339,7.26,23.4357295732091,12.556570830324,599.266484226429,1.92,4.3,0.228602476858141,2.53781880106284,181.570002054109,301834,2.91,3.35,1.67973124300112,-781.85,5199.41,14.7266378207889,99.9,46167
Katowice,2015,3383,7.17,23.1583141609149,13.0272415057851,631.586142509419,2,3.9,0.253409356140175,2.94755093194625,179.427161481778,299910,3.42,0,3.3109932979894,143.55,5262.02,11.5101197025774,98.8,48662
Katowice,2016,3395,7.59,18.4395074317955,13.1561733716636,668.002857995847,2.23,5.6,0.265001962356304,3.38129086145765,175.246804042789,298111,2.51,2.8,2.75065328015404,477.85,5274.86,7.99366678854521,99.2,50216
Katowice,2017,3566,5.59,23.1048868906576,14.2576503230249,704.163881969338,2.5,5.5,0.266655865416422,2.93321451958064,195.522881773565,296262,3.17,2.42,2.63618013785096,381.230000000001,5290.36,5.82254896004213,101.9,53625
Katowice,2018,4060,5.33,23.7960680452277,16.0266204882686,734.603239278802,2.63,3,0.268242164951954,3.48035720349054,188.991884825643,294510,2.85,2.55,-2.370038368816,-45.25,5698.98,5.0252962547961,101.3,57384
Katowice,2019,4619,5.45,20.0070019878814,16.4632105309898,761.70015096969,2.79,4.6,0.280079515257502,3.34387616386701,177.467944557918,292774,3.46,2.36,3.74691741753025,-329.99,6175.8,1.72829554536947,101.9,61234
Katowice,2020,5324,5.44,17.039851593341,15.4670576452489,778.112771163953,3.19,11.8,0.282220455476281,2.53998409928653,179.041345296727,290553,6.15,1.25,4.61877867377036,-165.24,6525.94,2.92545594091267,103.6,60091
Radom,2010,2793,6.2,11.2327098503099,4.47536294652122,371.035559285025,0.47,5.3,0.360916366654937,4.3445307636088,72.8825487913813,221658,0.49,4.55,1.65570383202952,-533.74,3136.45,7.46,102.4,59672
Radom,2011,3068,5.82,9.33536413994433,4.50131911768706,388.364566051078,1.06,2.1,0.385309290033635,3.82589459751045,66.6630402262899,220602,0.41,4.37,-4.62824453087461,67.9299999999998,3258.68,7.19,103.7,64345
Radom,2012,3125,5.65,10.7968939887029,4.52428960915418,399.621306946196,1.65,2.1,0.418747126803002,3.7960337364533,60.3405506524717,219703,1.1,3.76,1.80698488413904,-117.69,3411.51,7.19,103.5,67104
Radom,2013,3056,6.55,11.0338908571586,4.55448445066967,413.135224703157,1.63,2.6,0.453159759413364,2.70980381386577,54.0496003954849,218466,1.29,4.8,1.15349756941584,-96,3523.34,7.24,100.8,68438
Radom,2014,3170,6.55,10.4720972739536,4.58101021634339,426.798219161054,1.64,1.6,0.478819158291168,2.78083434238332,49.0513395426356,217201,0.95,4.54,0.359114368718376,-129.450000000001,3598.94,7.26,100,71125
Radom,2015,3125,6.46,10.3016298187908,4.61234554193904,444.950244958572,1.91,2.5,0.495005990960358,2.87288523725591,45.5405511683529,216159,1.51,0,0.439491300385365,-37.8800000000001,3743.89,7.17,99.1,74568
Radom,2016,3163,7.28,11.1506371500326,4.54841410101386,470.728304343782,2.21,2.3,0.488326667286764,2.57650451120826,41.1868663380151,215020,0.99,3.29,-0.255790159054972,-65.5899999999992,3851.41,7.59,99.5,77190
Radom,2017,3309,7.38,11.7242713197804,4.77708490627592,489.993754835342,2.42,3.5,0.498681058508804,2.86625094376555,35.5182088494915,214566,1.3,3.38,0.0372845651221536,-129.33,4123.36,5.59,101.9,82943
Radom,2018,3494,7.3,10.7909721211666,5.25750015256139,513.080378727779,2.87,3.4,0.497584835867417,2.94795544268621,32.8124339878608,213029,2.3,4.93,-1.32376343126992,-167.8,4388.04,5.33,101.6,88626
Radom,2019,3955,6.46,10.1497367188498,4.78305917084179,535.06867072588,3.18,3.3,0.520411977045101,2.43174323819256,34.153218748078,211371,2.35,5.71,2.93323114334511,-348,4684.64,5.45,102.2,96725
Radom,2020,4402,6.54,10.3587263970644,2.83330785108172,556.885941441786,4.84,2.1,0.544683128201208,1.90639094870423,33.5792370613867,209296,5.32,4.42,2.36507147771577,-367.7,5033.24,5.44,103.3,98237
Szczecin,2010,4563,11.04,9.21793074869895,18.6059549781228,399.858621067898,1.95,3.7,0.195005423588344,2.53994564223817,133.698155979963,410245,-1,-0.71,3.87817036161318,-499.45,3586.82,2.4,102.7,32162
Szczecin,2011,4419,11.36,7.85583843592223,18.1202941434975,420.841512124142,2.04,4.4,0.207521557827713,2.34865574859129,126.00953134308,409596,-1.66,0.08,-0.908211994257756,-568.8,3761.89,3.22,104.3,34158
Szczecin,2012,4278,11.38,13.4023618715962,17.6345579622071,433.904033376293,2.13,4.8,0.22498673311927,2.40393433322003,118.306339001206,408913,-1.67,0.55,2.90770897476969,-369.35,3881.46,3.56,103.7,35423
Szczecin,2013,4186,11.06,12.5889575963074,17.1496329978538,448.761796497555,2.41,3.5,0.242544809541076,2.04815616945797,110.593083308017,408172,-2.2,0.4,3.24863047930774,-3.86999999999989,4029.51,3.92,100.9,35776
Szczecin,2014,4099,11.06,12.0057468441476,16.1280023576797,465.936440886095,2.7,3.4,0.255415295446731,2.33557640355617,103.347413920134,407180,-1.41,-0.28,0.235767965027752,-118.75,4176.65,4.04,100.3,37423
Szczecin,2015,4166,11.37,12.9745326716906,16.5977660930293,486.682098423052,2.83,2.8,0.263769637896055,2.59332391651075,97.1732276282672,405657,-2.16,0,2.03373786228267,-177.67,4381.58,4.22,99.7,39681
Szczecin,2016,4281,11.6,10.8950103487964,16.7482550299102,508.249398584265,2.97,7.3,0.259337380643058,2.9021087833866,92.0129026521569,404878,-1.38,0.25,2.3019279881841,579.2,4539.15,3.42,99.1,40704
Szczecin,2017,4461,11.63,8.29911137631443,17.5422090060735,530.039640192828,3.03,6.6,0.26492820940718,2.62452244833281,86.7652265631383,403883,-1.65,0.28,2.71860910214097,-180.929999999999,4732.93,3.03,101.4,43194
Szczecin,2018,4840,12.42,8.0031555538991,18.2798504217758,554.482998521611,3.41,5.7,0.263376939609655,3.32202800243499,81.6393972146646,402465,-2.72,0.59,-1.239859366653,-632.62,5007.48,2.64,101.4,45949
Szczecin,2019,5213,12.26,12.1587830020378,18.3450400216966,575.016110692275,3.47,8,0.273695158332649,3.34405720726437,78.1847541844257,401907,-2.69,1.59,0.622034450756021,-702.3,5408.91,2.15,102.3,49496
Szczecin,2020,5458,12.34,13.6361878695811,19.0581411407264,594.360397232929,3.73,6.6,0.286248760216444,2.82984519968362,78.5878394495989,398255,-4.61,-0.82,4.59755684172201,-672.700000000001,5695.84,2.31,103.6,50700
Rzeszów,2010,4192,5.66,23.4807113878984,5.55248634199968,400.348216228885,2.82,5.2,0.273439025887421,4.97770634880775,332.384667325153,179199,2.9,1.05,5.34601197551326,-404.48,3428.12,3.49,103.2,26204
Rzeszów,2011,4365,5.96,21.2056256977965,7.98195866267476,419.266681849237,3.66,8.7,0.288839144369581,3.80490026717621,309.430042603774,180031,3.1,1.53,1.41642272719698,-476.67,3532.66,3.89,104.9,28561
Rzeszów,2012,4187,5.96,21.0124266596348,10.3225877337552,434.169468433428,4.5,8.7,0.269189355483772,3.32915815149318,284.851781044674,182028,3.73,3.75,4.69158590986002,-223.35,3702.54,4.01,104.1,29487
Rzeszów,2013,4104,6.06,17.1901828429124,12.6755794394565,451.689713174738,5.22,7.4,0.27306289184525,3.0583043886668,262.113069882255,183108,3.07,2.13,6.89756864801101,-143.809999999999,3859.86,4.33,100.7,30451
Rzeszów,2014,4244,5.05,16.4150861859412,13.299265893487,466.916590591121,6.48,9,0.307903393959692,3.06282849780956,247.408479767506,185123,3.32,2.34,6.07163885632795,-450.19,4087.48,4.58,100.2,31576
Rzeszów,2015,4561,5.2,18.9490898136593,15.675431424022,489.375780006025,6.46,12.9,0.333519817532384,3.35133623101089,235.760855532126,185896,2.18,0,4.25506734948573,-749.33,4231.81,4.89,98.9,33277
Rzeszów,2016,4380,5.45,19.8143761137967,14.8915282090683,515.798572206038,7.68,15.8,0.29345541078422,3.26535838908986,222.956750008003,187422,3.73,6.43,4.3698178442232,319.65,4319.48,5.44,99.1,34254
Rzeszów,2017,4548,5.28,18.8913962733705,21.8072149402622,543.371893157301,7.96,13.7,0.332169860066856,3.28479083843891,210.985859054529,189662,4.21,5.44,5.19872193691936,-191.22,4510.48,5.64,102.1,36184
Rzeszów,2018,4721,5.39,18.563404397486,20.5884195360297,567.695391618467,8.15,12.1,0.328871813075526,3.29393831826439,197.845106596229,191564,4.16,6.72,1.87926750328872,-257.639999999999,4802.41,5.41,101.6,39019
Rzeszów,2019,5174,15.79,19.0870912501019,26.1355296420126,586.540813830221,8.28,16.9,0.270121503710348,3.04268939085053,187.652898964364,196208,3.27,7.51,5.12211530620566,-331.179999999999,5117.26,5.42,102.3,42225
Rzeszów,2020,5532,15.87,22.3545296433039,16.7109104038894,606.129028977105,8.44,19.5,0.305129222225613,2.58851290188061,183.453859376112,196638,1.25,4.35,6.89592042229884,46.5,5518.24,5.19,103.2,41937
Gdynia,2010,6017,6.67,24.2586616745704,9.03548049594927,448.831681104461,1.54,4.5,0.180388918508304,3.91644385294695,69.0168002212771,249461,0.35,-2.49,4.48166246427297,-421.8,3662.62,1.36,102.6,36063
Gdynia,2011,5888,6.43,22.1919827748967,9.9100582873716,470.609265723732,1.53,4.4,0.192818320954129,2.79184860548166,65.8032690739499,248939,-0.71,-1.38,-0.658795929926609,-328.67,3938.74,1.92,104.1,39023
Gdynia,2012,5918,6.32,21.9465194631844,10.7749089359375,483.749185851097,1.52,4.6,0.180921978401936,2.91083360806671,62.4984923168467,248726,-0.7,-1.37,5.37941349115091,-238.910000000001,4067.07,2.23,103.4,41185
Gdynia,2013,5681,6.28,21.748977995662,11.6633473363382,502.685029148289,1.83,4.3,0.205610340184324,2.26171374202756,59.3004410543376,248042,-1.16,-2.07,4.24121721321389,-553.12,4298.33,2.94,100.9,41227
Gdynia,2014,5563,6.44,20.8790654507304,11.2097490113792,520.595593575983,2.14,3.8,0.21790008877411,3.30481801307401,55.5241707691066,247820,-0.99,-0.21,2.0337341618917,-36.8299999999999,4457.62,3.36,99.9,42346
Gdynia,2015,5788,6.36,20.2158171635459,11.334340830296,542.343157775641,2.29,4.5,0.214160450625914,2.63861838224004,52.2389868998457,247478,-0.88,0,3.72558368824704,-42.0200000000004,4566.82,3.5,99.2,45036
Gdynia,2016,5985,6.61,20.9668368483062,10.8870363697463,567.259535772559,2.37,4.9,0.2145827175889,3.61956508536748,49.6009976072003,246991,-1.07,-0.16,2.93128089687479,226.99,4798.54,3.23,99.7,46978
Gdynia,2017,6369,6.76,20.4660057002265,10.2636557777724,584.305701038546,2.4,4.5,0.227359463431666,3.56467158737505,46.5193702142863,246306,-1.87,-0.36,4.15743018846476,-182.13,5045.45,2.82,102.1,50019
Gdynia,2018,6805,6.84,20.5348972225944,12.1554632595642,601.853769046198,2.52,6.2,0.223296753265208,3.62958722580174,44.4928930733347,246309,-1.33,0.63,-0.544032089773415,-25.9700000000003,5347.46,2.5,101.9,53669
Gdynia,2019,7216,6.87,19.9117102635296,12.8801532791011,622.050919836979,2.64,6,0.231379999025768,3.56000454641402,44.055563674152,246348,-1.41,0.84,5.71143260753081,-523.28,5624.49,2.28,101.9,58202
Gdynia,2020,8192,6.85,19.7394364184856,12.3076797472333,639.040041801208,2.79,8.1,0.240846801023803,2.56767182786393,46.6467185643898,244969,-3.63,-1.35,5.50681923018831,-324.51,5848.66,2.48,103.4,57669
Częstochowa,2010,3064,4.23,19.5691032575473,12.5968052680615,419.855566750842,1.5,1.1,0.143337141604449,3.32204904659722,101.701917766639,237203,-2.3,-3.07,4.16942450137646,-225.01,3011.7,3.11,102.4,40162
Częstochowa,2011,3145,4.43,18.9958354184514,11.9297025420063,442.276864095539,1.51,0.8,0.161154886809897,2.93047438909575,94.6700141646664,235798,-2.62,-3.31,-1.90841313327509,-171.25,3197.12,3.72,103.7,43571
Częstochowa,2012,2976,4.43,21.1574942850319,11.2508103312976,452.723566140094,1.52,0.9,0.187655668907162,2.70821249445563,87.5243099389266,234472,-3.08,-2.62,2.40540448326453,-118.34,3308.53,3.95,103.3,44605
Częstochowa,2013,3060,4.52,21.1916855344829,10.6018474676951,466.584595253058,1.93,1,0.20661334894412,1.91547792250278,80.5835105329764,232318,-4.05,-5.01,1.24828898320406,18.3400000000001,3445.39,4.2,100.8,44454
Częstochowa,2014,3029,4.51,22.5190876183606,10.6725533736306,478.913450632922,2.22,0.8,0.239002620337819,2.39002620337819,72.9349087227265,230123,-4.12,-3.54,0.0825645415712467,-58.9200000000001,3526.81,4.52,99.9,46167
Częstochowa,2015,2908,4.49,24.7411023801489,10.0798057665254,496.320870895218,2.85,0.8,0.2278912608084,2.77413784791764,67.2585996082023,228179,-4.4,0,0.854592228031502,7.85999999999967,3644.53,4.29,98.8,48662
Częstochowa,2016,2998,4.61,25.6769145761963,12.4389435296718,519.306000663057,2.97,1,0.225439275058017,3.01027737871588,62.4510995690132,226225,-4.39,-2.69,0.194496629461819,-13.2399999999998,3743.93,3.92,99.2,50216
Częstochowa,2017,3282,4.61,27.4010589367847,10.963739437373,539.986451313866,3.08,1.1,0.240667451064285,2.99942952900488,60.6437408635505,224376,-4.87,-2.57,0.54373016721931,-54.8999999999996,3954.16,3.59,101.9,53625
Częstochowa,2018,3596,4.53,29.771471757868,12.0787072859122,563.52905187771,3.41,1.1,0.24742230939485,2.43823439440016,57.6224065643388,222292,-5.48,-3.67,-1.50252820614327,-179.14,4222.51,3.16,101.3,57384
Częstochowa,2019,4045,4.58,28.5934501639954,14.0450839937759,586.867665004786,3.55,1.2,0.258581972753626,2.40889521986272,56.3209682760748,220433,-5.65,-3.42,1.96885221359778,-96.2699999999995,4547.34,2.39,101.9,61234
Częstochowa,2020,4601,4.57,25.5099526502092,12.2236013423436,613.014296878591,3.91,1.2,0.266629890130097,1.94455937112122,60.5801498643865,217530,-8.03,-3.4,2.66629890130097,-161.31,4875.71,2.62,103.6,60091
